Komentar,Preprocessing,Sentimen
siapa calon presiden dan wakil presiden 2024,siapa calon presiden wakil presiden,positif
"Sepertinya sinyal dukungan untuk Pak Prabowo semakin kuat. capres2024 pemilu2024 dekade08 terusmajubersamaprabowo mendingprabowo 

Kerja Nyata Prabowo 
Cek Dekade 08 

@prabowo @gerindra https://t.co/g0rF5SHETZ",seperti sinyal dukung bapak prabowo makin kuat capres pilih dekade terusmajubersamaprabowo mendingprabowo kerja nyata prabowo cek dekade,positif
"Keren banget, Pak Prabowo didampingi juga sama Panglima TNI. capres2024 pemilu2024 dekade08 terusmajubersamaprabowo mendingprabowo 

Kerja Nyata Prabowo 
Cek Dekade 08 

@prabowo @gerindra https://t.co/d4syEJV8Ve",keren banget bapak prabowo damping sama panglima tni capres pilih dekade terusmajubersamaprabowo mendingprabowo kerja nyata prabowo cek dekade,positif
"@cnbcindonesia Yg penting , ekonomi nasional aman &amp  lancar bu..,, aplgi mendekati pemilu 2024",penting ekonomi nasional aman amp lancar bu aplgi dekat pilih,positif
Sri Mulyani: Pemilu 2024 Mendorong Aktivitas Perekonomian Membaik https://t.co/7R6jr6swQW,sri mulyani pilih dorong aktivitas ekonomi baik,positif
"Pemilu 2024:  Saya pilih Pak Anies aja dah. Semuanya sudah ketahuan: Kinerjanya OK, di Jakarta, di tingkat nasional maupun internasional.  Pinter otaknya, wawasannya luas. Dan yang terpenting agama OK."" (Bang Agung Milenial)  #JokowiPresidenGagalTotal #JokowiPresidenGagalTotal https://t.co/CDy6DWKDYK""",pilih pilih bapak anies semua tahu kerja jakarta tingkat nasional maupun internasional pintar otak wawas luas penting agama bang agung milenial,positif
"Semoga BPK @aniesbaswedan  menang di pemilu 2024.  Agr kelak BPK Anies bs berantas akun Buzzeer yg siluman / tegakkan Hukum KPD seluruh pegiat sosmed, demi terciptanya persatuan bangsa.",moga bapak menang pilih kelak bapak anies berantas akun buzzeer siluman tegak hukum kpd seluruh giat sosmed cipta satu bangsa,positif
Ayo ciptakan pemilu Damai. Waspada hoax jelang pemilu 2024 https://t.co/LdkXdGysDQ,ayo cipta pilih damai waspada hoax jelang pilih,positif
"Salah satu kunci suksesnya Pemilu 2024 adalah stabilitas keamanan nasional. Berbagai upaya akan dilakukan pemerintah khususnya dalam menangkal hoaks, ujaran kebencian #SukseskanPemilu2024 #PemiluTanpaHoaks #PemiluTanpaPolitikIdentitas #PemiluDamai. https://t.co/tC9yHnnXq7",salah satu kunci sukses pilih stabilitas aman nasional bagai upaya laku perintah khusus tangkal hoaks ujar benci,positif
Netralitas dan soliditas menjadi kunci utama suksesnya pengamana pemilu 2024 https://t.co/erAPJkIVnn,netralitas soliditas jadi kunci utama sukses pengamana pilih,positif
@conan_idn @bawaslu_RI Kakitangan rezim yaa begini kelakuannya.. Masih percaya pemilu 2024 nggak bakal curang???,kakitangan rezim yaa begini laku percaya pilih bakal curang,negatif
"@musniumar Rektor kok goblok ,, emang nya anis truk , gk kuat nanjak d ganjal, narasi kadrun  sudah kebaca, bila nyungsep gk terpilih, d 2024, koar  ngatakan pemilu curang, d pastikan anis nyungsep""",rektor bodoh emang anis truk kuat nanjak ganjal narasi kadrun baca bila nyungsep pilih koar ngatakan pilih curang pasti anis nyungsep,negatif
Oh... kotak pemilu 2024 pakai kardus lagi?  Agar mudah di bakar oleh Si Curang? ðð https://t.co/yAP2H8plkD,kotak pilih pakai kardus mudah bakar curang,negatif
